{"branches": 95.45454545454545, "coverage": 90.8883826879271}