{"branches": 92.85714285714286, "coverage": 87.5432525951557}